id,date_reported,issue_type,street,city,barangay,province,description,full_name,email,photo
1,02/02/2022,Drainage Blockage,Lacson Street,BACOLOD CITY,,Negros Occidental,Flooding due to clogged drainage.,Bryan Hart,jbrewer@cogroup.ph,
2,28/07/2020,Broken Signage,Cadiz City Road,CADIZ CITY,Barangay 7,Negros Occidental,Fallen street sign causing confusion.,Mary Pena,carolyn05@grandstar.org,
3,17/08/2021,Drainage Blockage,National Road,MANAPLA,,Negros Occidental,Flooding due to clogged drainage.,Sierra Baker,jared08@doublecity.net.ph,
4,02/11/2023,Broken Signage,Victorias–Sagay Road,MANAPLA,Barangay 1,Negros Occidental,Fallen street sign causing confusion.,Melanie Garrett,daniellecruz@zohomail.com,
5,09/01/2020,Faded Markings,Osmeña Avenue,CITY OF VICTORIAS,Barangay 1,Negros Occidental,Lane markings barely visible needs repainting.,Jeffrey Shaw,hconrad@fcdhotel.org,
6,14/06/2024,Drainage Blockage,Victorias–Sagay Road,MANAPLA,Barangay 4,Negros Occidental,Flooding due to clogged drainage.,Donna Austin,sandragriffin@gasolutions.net.ph,
7,04/05/2022,Drainage Blockage,Sagay Bridge,SAGAY CITY,Barangay 8,Negros Occidental,Flooding due to clogged drainage.,Carrie Arnold,jesusgraham@northernsummit.net.ph,
8,28/09/2021,Faded Markings,Bacolod North Road,CITY OF TALISAY,Barangay 6,Negros Occidental,Lane markings barely visible needs repainting.,Abigail Fuller,thenry@zohomail.com,
9,13/12/2020,Broken Signage,Osmeña Avenue,CITY OF VICTORIAS,Barangay 3,Negros Occidental,Fallen street sign causing confusion.,Rhonda Burns,terri37@xxz.com,
10,04/05/2023,Pothole,Sagay Bridge,SAGAY CITY,Barangay 4,Negros Occidental,Large pothole causing traffic delays.,Greg Kelly,dguerra@negsolutions.net.ph,
11,06/10/2022,Drainage Blockage,Caduhaan Bridge,CADIZ CITY,Barangay 4,Negros Occidental,Flooding due to clogged drainage.,James Delgado,brandy57@gmail.com,
12,02/02/2020,Pothole,Osmeña Avenue,CITY OF VICTORIAS,Barangay 6,Negros Occidental,Large pothole causing traffic delays.,James Cook Jr.,qchan@hgucompany.org.ph,
13,10/03/2024,Faded Markings,Cadiz City Road,CADIZ CITY,Barangay 6,Negros Occidental,Lane markings barely visible needs repainting.,Kirk Smith,xroberson@kkequities.org.ph,
14,11/07/2021,Drainage Blockage,Victorias–Sagay Road,ENRIQUE B. MAGALONA,,Negros Occidental,Flooding due to clogged drainage.,Amber Glover,xpalmer@zkdk.ph,
15,29/04/2023,Drainage Blockage,Rizal Street,CITY OF TALISAY,Barangay 2,Negros Occidental,Flooding due to clogged drainage.,Frank Perez,krystalhughes@hqhotel.com,
16,05/04/2020,Broken Signage,Victorias–Sagay Road,MANAPLA,Barangay 4,Negros Occidental,Fallen street sign causing confusion.,Michael Weber,williamslance@zohomail.com,
17,03/06/2022,Drainage Blockage,Circumferential Road,BACOLOD CITY,Barangay 6,Negros Occidental,Flooding due to clogged drainage.,Sarah Flores,rodney55@sfv.org.ph,
18,08/02/2021,Drainage Blockage,Victorias–Sagay Road,ENRIQUE B. MAGALONA,Barangay 4,Negros Occidental,Flooding due to clogged drainage.,Derrick Williams,williamsdiane@susdevelopment.com,
19,31/07/2024,Drainage Blockage,Cadiz City Road,CADIZ CITY,,Negros Occidental,Flooding due to clogged drainage.,Kyle Hall,devinclark@jnuh.net.ph,
20,03/02/2020,Drainage Blockage,Bacolod North Road,CITY OF TALISAY,Barangay 2,Negros Occidental,Flooding due to clogged drainage.,Samuel Burton,kknight@ohf.com.ph,
21,06/11/2023,Pothole,Victorias–Sagay Road,MANAPLA,,Negros Occidental,Large pothole causing traffic delays.,Lisa Cohen,alozano@mcgeeworld.org,
22,22/12/2021,Pothole,Caduhaan Bridge,CADIZ CITY,Barangay 3,Negros Occidental,Large pothole causing traffic delays.,Christopher Henson,larrymorgan@vvequities.net.ph,
23,14/07/2020,Faded Markings,Victorias–Sagay Road,ENRIQUE B. MAGALONA,Barangay 2,Negros Occidental,Lane markings barely visible needs repainting.,Dr. Kristy Peters PhD,jerry58@lag.com,
24,06/12/2022,Drainage Blockage,Bacolod North Road,CITY OF TALISAY,Barangay 1,Negros Occidental,Flooding due to clogged drainage.,Jim Phillips,mschneider@rangelmorning.ph,
25,09/01/2024,Faded Markings,Rizal Street,SILAY CITY,Barangay 7,Negros Occidental,Lane markings barely visible needs repainting.,Sydney Lee,wrightjean@gcmenterprise.org,
26,19/05/2021,Drainage Blockage,Cadiz City Road,CADIZ CITY,Barangay 1,Negros Occidental,Flooding due to clogged drainage.,Angela Reese,lhumphrey@zohomail.com,
27,26/08/2020,Drainage Blockage,Sagay Bridge,SAGAY CITY,Barangay 3,Negros Occidental,Flooding due to clogged drainage.,Jessica Warner,johnsmith@wlsgroup.net.ph,
28,20/10/2023,Pothole,Lacson Street,BACOLOD CITY,Barangay 7,Negros Occidental,Large pothole causing traffic delays.,Christopher Robinson,bennettgregory@aumbanking.org,
29,30/10/2021,Pothole,Bacolod North Road,CITY OF TALISAY,Barangay 1,Negros Occidental,Large pothole causing traffic delays.,Frank Singleton,smithscott@morrisking.com.ph,
30,17/03/2022,Drainage Blockage,Cadiz City Road,CADIZ CITY,Barangay 7,Negros Occidental,Flooding due to clogged drainage.,Thomas Lewis,jessicawilliams@slgtechnologies.ph,
31,02/03/2020,Pothole,Victorias–Sagay Road,ENRIQUE B. MAGALONA,Barangay 7,Negros Occidental,Large pothole causing traffic delays.,Miguel Johnson,bonnie14@akssolutions.ph,
32,25/06/2024,Faded Markings,Victorias–Sagay Road,ENRIQUE B. MAGALONA,Barangay 1,Negros Occidental,Lane markings barely visible needs repainting.,Joshua Roberts,stephaniewoods@zlbanking.org.ph,
33,03/08/2021,Pothole,Rizal Street,SILAY CITY,,Negros Occidental,Large pothole causing traffic delays.,Jessica Carter,blackxavier@yahoo.com,
34,16/07/2020,Drainage Blockage,Sagay–Escalante Road,SAGAY CITY,Barangay 3,Negros Occidental,Flooding due to clogged drainage.,Tracy Lynch,justin28@hkuo.net.ph,
35,28/11/2023,Pothole,Bacolod North Road,BACOLOD CITY,Barangay 7,Negros Occidental,Large pothole causing traffic delays.,Christina Martin,zhansen@kmj.net.ph,
36,26/08/2022,Drainage Blockage,National Road,MANAPLA,Barangay 1,Negros Occidental,Flooding due to clogged drainage.,Jeremiah Nguyen,chandlerwilliam@cggresorts.ph,
37,23/04/2021,Drainage Blockage,Rizal Street,SILAY CITY,Barangay 5,Negros Occidental,Flooding due to clogged drainage.,Luke Colon,vazquezdavid@ttq.org,
38,02/02/2020,Faded Markings,Sagay–Escalante Road,SAGAY CITY,Barangay 1,Negros Occidental,Lane markings barely visible needs repainting.,Mark Patel,jenkinsbenjamin@mklconstruction.net.ph,
39,17/04/2024,Drainage Blockage,Rizal Street,CITY OF TALISAY,Barangay 4,Negros Occidental,Flooding due to clogged drainage.,Daniel Miller,erin11@ochoaliberty.com.ph,
40,30/06/2022,Broken Signage,Osmeña Avenue,CITY OF VICTORIAS,,Negros Occidental,Fallen street sign causing confusion.,Terry Sanford,amy63@sgsmining.org,
41,07/03/2021,Faded Markings,Osmeña Avenue,CITY OF VICTORIAS,Barangay 6,Negros Occidental,Lane markings barely visible needs repainting.,Christopher Cole,ashley81@msltrust.com,
42,11/12/2020,Faded Markings,Silay Airport Access Road,SILAY CITY,Barangay 7,Negros Occidental,Lane markings barely visible needs repainting.,Mr. Phillip Adams,aaronmoss@ndxp.ph,
43,27/06/2023,Drainage Blockage,Circumferential Road,BACOLOD CITY,Barangay 6,Negros Occidental,Flooding due to clogged drainage.,Paul Stark,dannymorrison@jmv.net.ph,
44,04/08/2022,Faded Markings,Bacolod North Road,BACOLOD CITY,Barangay 8,Negros Occidental,Lane markings barely visible needs repainting.,Jill Johnson,ibass@gmail.com,
45,06/04/2021,Pothole,Victorias–Sagay Road,ENRIQUE B. MAGALONA,,Negros Occidental,Large pothole causing traffic delays.,Megan Anderson,perryandrea@ducresorts.com,
46,27/12/2020,Drainage Blockage,Rizal Street,CITY OF TALISAY,Barangay 8,Negros Occidental,Flooding due to clogged drainage.,Melissa Walker,reynoldsjennifer@bmenterprise.ph,
47,01/08/2024,Faded Markings,Victorias–Sagay Road,MANAPLA,,Negros Occidental,Lane markings barely visible needs repainting.,Brandy Espinoza,montesmarcia@yahoo.com,
48,14/10/2022,Drainage Blockage,Bacolod North Road,BACOLOD CITY,Barangay 1,Negros Occidental,Flooding due to clogged drainage.,Shawn Graham,josephlee@gmail.com,
49,10/02/2020,Broken Signage,Victorias–Sagay Road,CITY OF VICTORIAS,Barangay 2,Negros Occidental,Fallen street sign causing confusion.,William Smith,joelrogers@zohomail.com,
50,11/02/2021,Drainage Blockage,Victorias–Sagay Road,ENRIQUE B. MAGALONA,Barangay 7,Negros Occidental,Flooding due to clogged drainage.,David Gonzalez,ekim@mdshipping.org,
51,10/03/2023,Pothole,National Road,MANAPLA,Barangay 4,Negros Occidental,Large pothole causing traffic delays.,Cynthia Frazier,ogreen@ffrs.com.ph,
52,14/07/2020,Drainage Blockage,Silay Airport Access Road,SILAY CITY,Barangay 4,Negros Occidental,Flooding due to clogged drainage.,Christopher Schmitt,joshuaspencer@tuenterprise.ph,
53,27/03/2024,Drainage Blockage,Victorias–Sagay Road,MANAPLA,Barangay 8,Negros Occidental,Flooding due to clogged drainage.,Michelle Marshall DVM,thall@rgctrust.org,
54,06/11/2021,Drainage Blockage,Bacolod North Road,BACOLOD CITY,Barangay 8,Negros Occidental,Flooding due to clogged drainage.,Charles Dawson,jharvey@jukconstruction.com,
55,07/07/2022,Pothole,Circumferential Road,BACOLOD CITY,Barangay 8,Negros Occidental,Large pothole causing traffic delays.,Meredith Burch,kayla68@barberliberty.org,
56,15/11/2020,Faded Markings,Victorias–Sagay Road,ENRIQUE B. MAGALONA,Barangay 8,Negros Occidental,Lane markings barely visible needs repainting.,Suzanne Martinez,vshea@greatliberty.org,
57,29/08/2023,Drainage Blockage,Circumferential Road,BACOLOD CITY,Barangay 1,Negros Occidental,Flooding due to clogged drainage.,Christopher House,eblair@hbservices.org,
58,09/01/2021,Broken Signage,Rizal Street,SILAY CITY,,Negros Occidental,Fallen street sign causing confusion.,Nicholas Adkins,douglaskyle@zohomail.com,
59,15/06/2020,Drainage Blockage,Sagay Bridge,SAGAY CITY,Barangay 3,Negros Occidental,Flooding due to clogged drainage.,Joseph Green,brianscott@yahoo.com,
60,26/07/2024,Faded Markings,Osmeña Avenue,CITY OF VICTORIAS,Barangay 5,Negros Occidental,Lane markings barely visible needs repainting.,Jordan Baxter,ross05@doubleempire.com,
61,11/08/2022,Drainage Blockage,Circumferential Road,BACOLOD CITY,,Negros Occidental,Flooding due to clogged drainage.,Hayden Martinez,scottkennedy@dyap.com.ph,
62,16/12/2021,Pothole,National Road,MANAPLA,Barangay 6,Negros Occidental,Large pothole causing traffic delays.,Michelle Thomas,whiteheadkelsey@yahoo.com,
63,04/03/2020,Faded Markings,Osmeña Avenue,CITY OF VICTORIAS,,Negros Occidental,Lane markings barely visible needs repainting.,Mark Price,williamterry@gmail.com,
64,16/06/2023,Drainage Blockage,National Road,MANAPLA,Barangay 8,Negros Occidental,Flooding due to clogged drainage.,Amy Anderson,martincurtis@kmgroup.org.ph,
65,10/11/2020,Pothole,Victorias–Sagay Road,MANAPLA,Barangay 3,Negros Occidental,Large pothole causing traffic delays.,Ashley Coleman,edwinmiranda@yahoo.com,
66,10/11/2024,Pothole,Lacson Street,BACOLOD CITY,Barangay 7,Negros Occidental,Large pothole causing traffic delays.,Anthony Hamilton,shelleyhorton@pldfinance.net.ph,
67,02/02/2022,Drainage Blockage,Bacolod North Road,BACOLOD CITY,Barangay 1,Negros Occidental,Flooding due to clogged drainage.,Dawn King,kelsey27@gmail.com,
68,12/07/2021,Drainage Blockage,Cadiz City Road,CADIZ CITY,Barangay 7,Negros Occidental,Flooding due to clogged drainage.,Christopher Miller,douglas08@megventures.ph,
69,17/10/2020,Drainage Blockage,Sagay Bridge,SAGAY CITY,Barangay 5,Negros Occidental,Flooding due to clogged drainage.,Christopher Cooley,edwinwoodward@zohomail.com,
70,01/07/2023,Pothole,Cadiz City Road,CADIZ CITY,Barangay 4,Negros Occidental,Large pothole causing traffic delays.,Jason Young,ofreeman@yahoo.com,
71,22/02/2020,Drainage Blockage,Sagay–Escalante Road,SAGAY CITY,Barangay 3,Negros Occidental,Flooding due to clogged drainage.,Patrick Welch,tracybaker@stevensmillennium.org.ph,
72,18/06/2021,Drainage Blockage,Victorias–Sagay Road,MANAPLA,Barangay 5,Negros Occidental,Flooding due to clogged drainage.,Dana Kent,francodevin@smmgroup.net,
73,29/04/2020,Pothole,Sagay Bridge,SAGAY CITY,Barangay 5,Negros Occidental,Large pothole causing traffic delays.,Kara Allen,lsingleton@qslgroup.com.ph,
74,16/02/2024,Drainage Blockage,Rizal Street,CITY OF TALISAY,Barangay 3,Negros Occidental,Flooding due to clogged drainage.,Jason Johnson,wilkersondavid@yahoo.com,
75,05/04/2022,Faded Markings,Circumferential Road,BACOLOD CITY,,Negros Occidental,Lane markings barely visible needs repainting.,Angela Hopkins,dukealbert@augfinance.ph,
76,15/06/2020,Pothole,Victorias–Sagay Road,MANAPLA,Barangay 3,Negros Occidental,Large pothole causing traffic delays.,Holly Black,sarabowman@cmuresources.org,
77,21/12/2021,Pothole,Victorias–Sagay Road,MANAPLA,Barangay 3,Negros Occidental,Large pothole causing traffic delays.,Robin Brown,joshuafox@cyua.net,
78,18/03/2023,Pothole,Cadiz City Road,CADIZ CITY,Barangay 2,Negros Occidental,Large pothole causing traffic delays.,Laurie Schwartz,bushrachel@sxp.org.ph,
79,11/10/2020,Drainage Blockage,Victorias–Sagay Road,ENRIQUE B. MAGALONA,Barangay 5,Negros Occidental,Flooding due to clogged drainage.,Andrew King,leonard30@zohomail.com,
80,05/06/2024,Pothole,Circumferential Road,BACOLOD CITY,,Negros Occidental,Large pothole causing traffic delays.,Kimberly Hunter,vwhite@acd.net.ph,
81,23/12/2022,Drainage Blockage,National Road,MANAPLA,Barangay 3,Negros Occidental,Flooding due to clogged drainage.,Bethany Ruiz,gillespiewilliam@bcsholdings.com.ph,
82,29/10/2021,Faded Markings,Rizal Street,CITY OF TALISAY,Barangay 7,Negros Occidental,Lane markings barely visible needs repainting.,Courtney Lewis,sergiopollard@kud.net,
83,11/05/2020,Drainage Blockage,Lacson Street,BACOLOD CITY,Barangay 6,Negros Occidental,Flooding due to clogged drainage.,Eduardo Perez,pwhite@mcsmining.net,
84,22/10/2023,Drainage Blockage,National Road,MANAPLA,Barangay 2,Negros Occidental,Flooding due to clogged drainage.,Daniel Mcguire,jenniferwilliams@occonstruction.com.ph,
85,25/01/2021,Pothole,Osmeña Avenue,CITY OF VICTORIAS,Barangay 2,Negros Occidental,Large pothole causing traffic delays.,Brenda Maldonado,grantkaren@adamscity.org.ph,
86,04/12/2020,Pothole,Lacson Street,BACOLOD CITY,Barangay 8,Negros Occidental,Large pothole causing traffic delays.,Jeffery Franco,barry84@williamsgold.net.ph,
87,22/01/2024,Faded Markings,Victorias–Sagay Road,CITY OF VICTORIAS,Barangay 1,Negros Occidental,Lane markings barely visible needs repainting.,Jo Schultz,cmckinney@yahoo.com,
88,29/03/2022,Faded Markings,Sagay–Escalante Road,SAGAY CITY,Barangay 4,Negros Occidental,Lane markings barely visible needs repainting.,Hector Quinn,hornhenry@kuh.ph,
89,07/03/2021,Drainage Blockage,Sagay–Escalante Road,SAGAY CITY,Barangay 8,Negros Occidental,Flooding due to clogged drainage.,Todd Simmons,tammyrose@fvbank.com.ph,
90,13/06/2020,Drainage Blockage,Victorias–Sagay Road,ENRIQUE B. MAGALONA,Barangay 4,Negros Occidental,Flooding due to clogged drainage.,John Lowery,xpaul@sovereigngenesis.com,
91,18/11/2023,Pothole,Victorias–Sagay Road,ENRIQUE B. MAGALONA,Barangay 5,Negros Occidental,Large pothole causing traffic delays.,Dale Davis MD,anthony00@zohomail.com,
92,16/06/2022,Drainage Blockage,Rizal Street,SILAY CITY,,Negros Occidental,Flooding due to clogged drainage.,Gina Lamb,christina31@bhtd.ph,
93,23/04/2021,Drainage Blockage,Circumferential Road,BACOLOD CITY,Barangay 8,Negros Occidental,Flooding due to clogged drainage.,Olivia Park,samanthamorales@orientalworld.com.ph,
94,17/04/2020,Drainage Blockage,Cadiz City Road,CADIZ CITY,Barangay 8,Negros Occidental,Flooding due to clogged drainage.,Anita Smith,edavis@mwgtechnologies.org.ph,
95,19/05/2024,Drainage Blockage,Sagay Bridge,SAGAY CITY,Barangay 5,Negros Occidental,Flooding due to clogged drainage.,Joshua Ballard,jamesking@yahoo.com,
96,10/06/2022,Pothole,Victorias–Sagay Road,ENRIQUE B. MAGALONA,Barangay 4,Negros Occidental,Large pothole causing traffic delays.,Edwin Harding,shawnshort@gmail.com,
97,13/03/2021,Drainage Blockage,Bacolod North Road,CITY OF TALISAY,Barangay 6,Negros Occidental,Flooding due to clogged drainage.,Steven Herrera,hgross@yahoo.com,
98,30/10/2020,Drainage Blockage,Victorias–Sagay Road,MANAPLA,Barangay 3,Negros Occidental,Flooding due to clogged drainage.,Jonathan Smith,carlevans@osmproperties.ph,
99,29/07/2023,Drainage Blockage,Silay Airport Access Road,SILAY CITY,Barangay 7,Negros Occidental,Flooding due to clogged drainage.,Krystal Daniel,sandracampos@vsuholdings.com,
100,29/01/2020,Pothole,Sagay Bridge,SAGAY CITY,Barangay 5,Negros Occidental,Large pothole causing traffic delays.,Frank Green,tolsen@doq.net.ph,
101,15/06/2021,Pothole,Bacolod North Road,CITY OF TALISAY,Barangay 8,Negros Occidental,Large pothole causing traffic delays.,Henry Parks,kaitlynbryant@cusenterprise.net.ph,
102,04/07/2020,Drainage Blockage,Sagay–Escalante Road,SAGAY CITY,Barangay 7,Negros Occidental,Flooding due to clogged drainage.,Gregory Wilson,wilkinschristina@lvfoods.org,
103,17/03/2024,Pothole,Bacolod North Road,CITY OF TALISAY,Barangay 5,Negros Occidental,Large pothole causing traffic delays.,Nicole Turner,robinsondaniel@ppshipping.com,
104,14/01/2022,Drainage Blockage,Silay Airport Access Road,SILAY CITY,Barangay 8,Negros Occidental,Flooding due to clogged drainage.,Dr. Veronica Allen,hayden53@smithsun.com.ph,
105,25/10/2020,Faded Markings,Victorias–Sagay Road,CITY OF VICTORIAS,Barangay 7,Negros Occidental,Lane markings barely visible needs repainting.,Brandon Todd,david01@bryantliberty.ph,
106,05/06/2023,Pothole,National Road,MANAPLA,Barangay 3,Negros Occidental,Large pothole causing traffic delays.,Ashley Gomez MD,zunigaemily@knightliberty.com.ph,
107,02/02/2021,Drainage Blockage,Sagay–Escalante Road,SAGAY CITY,,Negros Occidental,Flooding due to clogged drainage.,Sarah Martinez,garrettlisa@sovereignworld.ph,
108,28/01/2020,Drainage Blockage,Bacolod North Road,BACOLOD CITY,Barangay 6,Negros Occidental,Flooding due to clogged drainage.,Robert Gibson,brenda91@doublemillennium.com.ph,
109,26/04/2022,Pothole,Caduhaan Bridge,CADIZ CITY,Barangay 8,Negros Occidental,Large pothole causing traffic delays.,Veronica Jensen,jennifer80@zohomail.com,
110,21/07/2021,Drainage Blockage,Bacolod North Road,CITY OF TALISAY,,Negros Occidental,Flooding due to clogged drainage.,Christina Herrera,lliu@wgmgroup.com,
111,25/02/2020,Drainage Blockage,Silay Airport Access Road,SILAY CITY,,Negros Occidental,Flooding due to clogged drainage.,Patrick Logan,johnsonandrew@fggroup.com,
112,15/11/2024,Pothole,Caduhaan Bridge,CADIZ CITY,Barangay 4,Negros Occidental,Large pothole causing traffic delays.,Ryan Richardson,chenderson@zohomail.com,
113,16/12/2020,Pothole,Cadiz City Road,CADIZ CITY,Barangay 4,Negros Occidental,Large pothole causing traffic delays.,Matthew Taylor,shirley94@parsonsworld.ph,
114,06/04/2023,Drainage Blockage,Cadiz City Road,CADIZ CITY,Barangay 8,Negros Occidental,Flooding due to clogged drainage.,Joshua Shelton,fowleramanda@zohomail.com,
115,17/01/2021,Drainage Blockage,National Road,MANAPLA,Barangay 7,Negros Occidental,Flooding due to clogged drainage.,Robin Martinez,iallen@cyberempire.org,
116,19/11/2020,Faded Markings,Rizal Street,CITY OF TALISAY,,Negros Occidental,Lane markings barely visible needs repainting.,Tyler Wilson,nicolelane@jmhotel.org.ph,
117,03/08/2022,Faded Markings,Rizal Street,SILAY CITY,Barangay 1,Negros Occidental,Lane markings barely visible needs repainting.,Jon Brown,susannguyen@gmail.com,
118,11/01/2020,Drainage Blockage,Lacson Street,BACOLOD CITY,Barangay 4,Negros Occidental,Flooding due to clogged drainage.,Heather Watts,wadeanthony@rswbank.org.ph,
119,06/01/2024,Pothole,Rizal Street,CITY OF TALISAY,Barangay 7,Negros Occidental,Large pothole causing traffic delays.,Charles Ortiz,thomaseddie@fcmcompany.org,
120,21/12/2021,Pothole,Bacolod North Road,BACOLOD CITY,Barangay 2,Negros Occidental,Large pothole causing traffic delays.,Jonathan Ruiz,ramirezgary@bkgservices.org,
121,10/12/2020,Faded Markings,Lacson Street,BACOLOD CITY,Barangay 6,Negros Occidental,Lane markings barely visible needs repainting.,Cassie Moore,carla30@brownunion.org,
122,31/08/2023,Drainage Blockage,Victorias–Sagay Road,CITY OF VICTORIAS,Barangay 4,Negros Occidental,Flooding due to clogged drainage.,Tonya Bennett,amycollins@zohomail.com,
123,29/12/2022,Pothole,Caduhaan Bridge,CADIZ CITY,Barangay 5,Negros Occidental,Large pothole causing traffic delays.,Gregory Allen,warrennathan@zohomail.com,
124,28/01/2020,Drainage Blockage,Victorias–Sagay Road,MANAPLA,Barangay 2,Negros Occidental,Flooding due to clogged drainage.,Cassidy Jackson,dgonzales@yahoo.com,
125,31/08/2021,Faded Markings,Victorias–Sagay Road,MANAPLA,Barangay 4,Negros Occidental,Lane markings barely visible needs repainting.,Molly Rodriguez,michelle22@xamanufacturing.com.ph,
126,20/03/2024,Drainage Blockage,Silay Airport Access Road,SILAY CITY,Barangay 8,Negros Occidental,Flooding due to clogged drainage.,Daniel Fleming,watsonseth@hancockcrown.com,
127,15/12/2020,Drainage Blockage,Victorias–Sagay Road,MANAPLA,,Negros Occidental,Flooding due to clogged drainage.,Ian Clark,nicholas63@bmmbank.ph,
128,29/10/2022,Faded Markings,Silay Airport Access Road,SILAY CITY,Barangay 7,Negros Occidental,Lane markings barely visible needs repainting.,Craig Little,cramos@doublecrown.net.ph,
129,20/03/2021,Drainage Blockage,Bacolod North Road,CITY OF TALISAY,Barangay 1,Negros Occidental,Flooding due to clogged drainage.,Kimberly Espinoza,rabbott@arys.org.ph,
130,25/07/2020,Drainage Blockage,Cadiz City Road,CADIZ CITY,Barangay 6,Negros Occidental,Flooding due to clogged drainage.,Jeffery Powell,moorebryan@gmail.com,
131,18/10/2023,Drainage Blockage,Osmeña Avenue,CITY OF VICTORIAS,Barangay 3,Negros Occidental,Flooding due to clogged drainage.,Jeffrey Harris,amandaelliott@gmail.com,
132,15/07/2020,Pothole,Osmeña Avenue,CITY OF VICTORIAS,Barangay 5,Negros Occidental,Large pothole causing traffic delays.,Dr. Edwin Willis,jacksonjonathan@yahoo.com,
133,20/05/2024,Drainage Blockage,Victorias–Sagay Road,ENRIQUE B. MAGALONA,Barangay 7,Negros Occidental,Flooding due to clogged drainage.,Mark Hill,thomastonya@sgconstruction.com.ph,
134,02/03/2022,Drainage Blockage,Caduhaan Bridge,CADIZ CITY,Barangay 5,Negros Occidental,Flooding due to clogged drainage.,Maria Davenport MD,spencer56@yahoo.com,
135,23/01/2021,Drainage Blockage,Victorias–Sagay Road,ENRIQUE B. MAGALONA,Barangay 1,Negros Occidental,Flooding due to clogged drainage.,Brandi Payne,ashleygay@vzw.ph,
136,01/05/2020,Drainage Blockage,Bacolod North Road,CITY OF TALISAY,Barangay 7,Negros Occidental,Flooding due to clogged drainage.,Patrick Powell,cwalker@rhodessummit.org.ph,
137,18/03/2023,Drainage Blockage,Victorias–Sagay Road,MANAPLA,Barangay 8,Negros Occidental,Flooding due to clogged drainage.,Donna Michael,markgarcia@lxcompany.org.ph,
138,22/05/2021,Drainage Blockage,Sagay Bridge,SAGAY CITY,Barangay 3,Negros Occidental,Flooding due to clogged drainage.,Lisa Brown,sharon12@wycv.com,
139,05/06/2020,Pothole,Rizal Street,SILAY CITY,Barangay 5,Negros Occidental,Large pothole causing traffic delays.,Eric Lopez,jessicamckinney@wgsenterprise.com.ph,
140,26/04/2024,Faded Markings,Cadiz City Road,CADIZ CITY,Barangay 1,Negros Occidental,Lane markings barely visible needs repainting.,Emily Leach,franklinmichael@yahoo.com,
141,07/07/2021,Drainage Blockage,Bacolod North Road,CITY OF TALISAY,Barangay 4,Negros Occidental,Flooding due to clogged drainage.,Jeffrey Smith,garzawilliam@yahoo.com,
142,24/04/2020,Drainage Blockage,Sagay Bridge,SAGAY CITY,Barangay 3,Negros Occidental,Flooding due to clogged drainage.,Joshua Erickson,walter11@millermillennium.net,
143,18/07/2022,Drainage Blockage,Osmeña Avenue,CITY OF VICTORIAS,,Negros Occidental,Flooding due to clogged drainage.,Zachary Kelly,hoffmaneric@zohomail.com,
144,21/10/2021,Drainage Blockage,Lacson Street,BACOLOD CITY,Barangay 2,Negros Occidental,Flooding due to clogged drainage.,Rebekah Carpenter,kristinajimenez@gmail.com,
145,06/03/2020,Faded Markings,Cadiz City Road,CADIZ CITY,,Negros Occidental,Lane markings barely visible needs repainting.,Jennifer Beard,wrightjeffrey@yahoo.com,
146,05/06/2023,Drainage Blockage,Bacolod North Road,CITY OF TALISAY,Barangay 2,Negros Occidental,Flooding due to clogged drainage.,Kenneth Forbes,sarahstout@awscapital.org.ph,
147,11/08/2020,Faded Markings,Victorias–Sagay Road,MANAPLA,Barangay 5,Negros Occidental,Lane markings barely visible needs repainting.,Christopher Reynolds,martin43@greatking.org.ph,
148,10/12/2024,Pothole,Osmeña Avenue,CITY OF VICTORIAS,Barangay 8,Negros Occidental,Large pothole causing traffic delays.,Jacob Barker,lmiller@westernworld.net,
149,24/09/2022,Drainage Blockage,Osmeña Avenue,CITY OF VICTORIAS,Barangay 3,Negros Occidental,Flooding due to clogged drainage.,Jose Griffin,bakerrobert@lqmining.net.ph,
150,03/02/2021,Drainage Blockage,Silay Airport Access Road,SILAY CITY,,Negros Occidental,Flooding due to clogged drainage.,Catherine Rodriguez,rebeccawashington@yahoo.com,
151,07/09/2020,Drainage Blockage,National Road,MANAPLA,Barangay 7,Negros Occidental,Flooding due to clogged drainage.,Jennifer Anderson,hernandezjackson@femresorts.net,
152,21/10/2023,Drainage Blockage,Victorias–Sagay Road,ENRIQUE B. MAGALONA,Barangay 2,Negros Occidental,Flooding due to clogged drainage.,Patrick Smith,patrick24@manilacrown.org,
153,17/02/2020,Drainage Blockage,Rizal Street,SILAY CITY,,Negros Occidental,Flooding due to clogged drainage.,Jimmy Lewis,mcintyrealexis@rgaw.org,
154,18/08/2021,Drainage Blockage,Rizal Street,CITY OF TALISAY,Barangay 1,Negros Occidental,Flooding due to clogged drainage.,Michael Burns,rodriguezdaniel@jlg.com,
155,19/12/2022,Drainage Blockage,Circumferential Road,BACOLOD CITY,,Negros Occidental,Flooding due to clogged drainage.,Stephen Sullivan,sierra83@sccenterprise.org.ph,
156,07/05/2021,Pothole,Sagay Bridge,SAGAY CITY,,Negros Occidental,Large pothole causing traffic delays.,Natasha Hill,cynthiabaxter@sovereigngold.com.ph,
157,07/08/2020,Drainage Blockage,Silay Airport Access Road,SILAY CITY,,Negros Occidental,Flooding due to clogged drainage.,Keith Pearson,bryanpaul@nguyenking.net.ph,
158,11/07/2024,Faded Markings,Sagay Bridge,SAGAY CITY,Barangay 7,Negros Occidental,Lane markings barely visible needs repainting.,Austin Mason,stanley31@pqtechnologies.net,
159,25/01/2022,Drainage Blockage,Cadiz City Road,CADIZ CITY,Barangay 6,Negros Occidental,Flooding due to clogged drainage.,Kaitlyn Mathews,susanmccullough@grahamgenesis.ph,
160,16/01/2021,Drainage Blockage,Rizal Street,SILAY CITY,Barangay 3,Negros Occidental,Flooding due to clogged drainage.,William Wilkinson,ramoscarol@dgcbanking.com.ph,
161,16/09/2020,Pothole,Cadiz City Road,CADIZ CITY,,Negros Occidental,Large pothole causing traffic delays.,Lisa Anthony,welchstephanie@zohomail.com,
162,26/08/2023,Drainage Blockage,Rizal Street,SILAY CITY,Barangay 5,Negros Occidental,Flooding due to clogged drainage.,Emily Jones,karen12@skgholdings.ph,
163,09/06/2020,Drainage Blockage,Caduhaan Bridge,CADIZ CITY,,Negros Occidental,Flooding due to clogged drainage.,Brittany Ross,jimenezanthony@gmail.com,
164,08/10/2021,Faded Markings,Silay Airport Access Road,SILAY CITY,Barangay 6,Negros Occidental,Lane markings barely visible needs repainting.,Bradley Sparks,jasmin65@gmail.com,
165,05/04/2022,Faded Markings,Sagay–Escalante Road,SAGAY CITY,Barangay 8,Negros Occidental,Lane markings barely visible needs repainting.,Natasha Burke,jennifer96@bushgold.org.ph,
166,26/12/2020,Drainage Blockage,Sagay–Escalante Road,SAGAY CITY,Barangay 7,Negros Occidental,Flooding due to clogged drainage.,Cindy Moody,richardjenkins@dssholdings.net.ph,
167,23/02/2024,Drainage Blockage,Rizal Street,SILAY CITY,Barangay 7,Negros Occidental,Flooding due to clogged drainage.,Matthew Dawson,colelaura@gmail.com,
168,26/03/2021,Drainage Blockage,Rizal Street,CITY OF TALISAY,Barangay 7,Negros Occidental,Flooding due to clogged drainage.,Donald Beck,eric80@yahoo.com,
169,10/07/2020,Drainage Blockage,Sagay Bridge,SAGAY CITY,,Negros Occidental,Flooding due to clogged drainage.,Michael Jones,scunningham@cortezworld.org.ph,
170,27/11/2023,Drainage Blockage,Victorias–Sagay Road,CITY OF VICTORIAS,Barangay 2,Negros Occidental,Flooding due to clogged drainage.,Brandon Scott,jenniferblack@yahoo.com,
171,03/05/2020,Pothole,Victorias–Sagay Road,ENRIQUE B. MAGALONA,Barangay 8,Negros Occidental,Large pothole causing traffic delays.,Kimberly Cole,sancheznicholas@quadstar.org.ph,
172,26/10/2021,Pothole,Bacolod North Road,CITY OF TALISAY,Barangay 4,Negros Occidental,Large pothole causing traffic delays.,Michelle Harris,eortega@yahoo.com,
173,24/09/2022,Drainage Blockage,National Road,MANAPLA,Barangay 8,Negros Occidental,Flooding due to clogged drainage.,Kimberly Cole,eric26@alistar.net.ph,
174,17/10/2020,Drainage Blockage,Victorias–Sagay Road,MANAPLA,Barangay 4,Negros Occidental,Flooding due to clogged drainage.,Taylor Ross,eringill@davidsonempire.org.ph,
175,10/09/2024,Faded Markings,Bacolod North Road,CITY OF TALISAY,,Negros Occidental,Lane markings barely visible needs repainting.,Julian Rivera,iwright@vyv.org,
176,04/10/2021,Faded Markings,National Road,MANAPLA,Barangay 2,Negros Occidental,Lane markings barely visible needs repainting.,Christopher Bryan,leonardjeremy@tcresorts.com.ph,
177,25/02/2020,Drainage Blockage,Cadiz City Road,CADIZ CITY,Barangay 6,Negros Occidental,Flooding due to clogged drainage.,Danielle Butler,reyeszachary@dgcshipping.net.ph,
178,27/06/2023,Faded Markings,Victorias–Sagay Road,CITY OF VICTORIAS,Barangay 8,Negros Occidental,Lane markings barely visible needs repainting.,Michelle Fisher,matthew72@qrventures.net,
179,07/11/2020,Pothole,Bacolod North Road,CITY OF TALISAY,Barangay 1,Negros Occidental,Large pothole causing traffic delays.,Amber Davenport,charles29@xpz.net.ph,
180,20/06/2021,Faded Markings,Victorias–Sagay Road,MANAPLA,Barangay 8,Negros Occidental,Lane markings barely visible needs repainting.,Richard Mitchell,uwebster@mmscompany.org.ph,
181,05/04/2022,Drainage Blockage,Victorias–Sagay Road,MANAPLA,Barangay 8,Negros Occidental,Flooding due to clogged drainage.,Dustin Moore,vincentsanchez@mlwenterprise.ph,
182,21/02/2020,Pothole,Rizal Street,SILAY CITY,Barangay 7,Negros Occidental,Large pothole causing traffic delays.,John Henderson,pittsjeremy@andersonking.net.ph,
183,03/06/2024,Drainage Blockage,Rizal Street,SILAY CITY,Barangay 6,Negros Occidental,Flooding due to clogged drainage.,Valerie Haas,tarawatson@zohomail.com,
184,12/03/2021,Pothole,Sagay–Escalante Road,SAGAY CITY,Barangay 6,Negros Occidental,Large pothole causing traffic delays.,Scott Reed,kingrobert@greatstar.net.ph,
185,17/05/2020,Faded Markings,Victorias–Sagay Road,ENRIQUE B. MAGALONA,Barangay 6,Negros Occidental,Lane markings barely visible needs repainting.,Daniel Frost,cummingssandra@dwa.org,
186,10/11/2023,Drainage Blockage,Victorias–Sagay Road,MANAPLA,Barangay 8,Negros Occidental,Flooding due to clogged drainage.,Debra Thomas,jonathan35@lslfinance.org,
187,09/03/2020,Drainage Blockage,National Road,MANAPLA,Barangay 2,Negros Occidental,Flooding due to clogged drainage.,Barbara Hays,wendyking@grandliberty.ph,
188,20/08/2021,Faded Markings,Caduhaan Bridge,CADIZ CITY,,Negros Occidental,Lane markings barely visible needs repainting.,Denise Powell,turnerjacob@pdfoods.ph,
189,03/05/2022,Drainage Blockage,Lacson Street,BACOLOD CITY,Barangay 2,Negros Occidental,Flooding due to clogged drainage.,Michael Owens,timothyyoung@itventures.com,
190,15/06/2020,Faded Markings,Bacolod North Road,CITY OF TALISAY,Barangay 7,Negros Occidental,Lane markings barely visible needs repainting.,Phillip Brown,melissaperez@zohomail.com,
191,11/03/2024,Pothole,Sagay–Escalante Road,SAGAY CITY,Barangay 2,Negros Occidental,Large pothole causing traffic delays.,Tyler Gallagher,peterglover@pmmservices.net.ph,
192,11/07/2021,Pothole,Sagay–Escalante Road,SAGAY CITY,Barangay 2,Negros Occidental,Large pothole causing traffic delays.,Joseph Campbell,piercejessica@vev.com.ph,
193,24/04/2020,Pothole,Sagay Bridge,SAGAY CITY,Barangay 4,Negros Occidental,Large pothole causing traffic delays.,Joshua Cruz,everettbecky@westernmorning.net.ph,
194,22/10/2023,Drainage Blockage,Silay Airport Access Road,SILAY CITY,Barangay 6,Negros Occidental,Flooding due to clogged drainage.,John May,qkeller@zbw.net.ph,
195,09/09/2020,Faded Markings,Victorias–Sagay Road,CITY OF VICTORIAS,,Negros Occidental,Lane markings barely visible needs repainting.,Lindsey Lopez,melanie39@baldwinsummit.org,
196,18/12/2021,Faded Markings,National Road,MANAPLA,,Negros Occidental,Lane markings barely visible needs repainting.,Sheryl Richards,coltonwalker@uime.net,
197,24/11/2022,Drainage Blockage,Sagay Bridge,SAGAY CITY,Barangay 2,Negros Occidental,Flooding due to clogged drainage.,Jessica Crawford,scottchristina@southerndragon.ph,
198,13/08/2020,Pothole,Rizal Street,SILAY CITY,Barangay 7,Negros Occidental,Large pothole causing traffic delays.,Leroy Vargas,zkeller@globalmorning.net.ph,
199,14/06/2024,Drainage Blockage,Sagay–Escalante Road,SAGAY CITY,Barangay 7,Negros Occidental,Flooding due to clogged drainage.,Michael Ochoa,parkertheresa@oscsolutions.net.ph,
200,19/03/2021,Pothole,Bacolod North Road,CITY OF TALISAY,,Negros Occidental,Large pothole causing traffic delays.,Brenda Cruz,andrea45@gmail.com,
201,18/03/2020,Pothole,Victorias–Sagay Road,ENRIQUE B. MAGALONA,Barangay 4,Negros Occidental,Large pothole causing traffic delays.,Michelle Hale,npeterson@fluz.org.ph,
202,19/03/2023,Pothole,Victorias–Sagay Road,ENRIQUE B. MAGALONA,Barangay 7,Negros Occidental,Large pothole causing traffic delays.,Paul Neal,monica24@ressolutions.com,
203,13/12/2020,Drainage Blockage,Sagay–Escalante Road,SAGAY CITY,Barangay 4,Negros Occidental,Flooding due to clogged drainage.,Kathryn Spencer,baldwinjustin@dqj.org.ph,
204,23/10/2021,Drainage Blockage,Bacolod North Road,CITY OF TALISAY,,Negros Occidental,Flooding due to clogged drainage.,Shannon Elliott,ucontreras@zohomail.com,
205,14/10/2022,Drainage Blockage,Cadiz City Road,CADIZ CITY,,Negros Occidental,Flooding due to clogged drainage.,Wesley Garza,morrisgregory@southernsilver.com.ph,
206,07/01/2020,Faded Markings,Sagay–Escalante Road,SAGAY CITY,,Negros Occidental,Lane markings barely visible needs repainting.,Jordan Quinn,ddoyle@srz.com.ph,
207,05/12/2024,Pothole,Rizal Street,CITY OF TALISAY,Barangay 8,Negros Occidental,Large pothole causing traffic delays.,Thomas Rodriguez,steven68@muh.net.ph,
208,07/03/2021,Drainage Blockage,Cadiz City Road,CADIZ CITY,Barangay 5,Negros Occidental,Flooding due to clogged drainage.,Brian Phillips,vkent@triplemillennium.org,
209,11/03/2020,Faded Markings,Victorias–Sagay Road,ENRIQUE B. MAGALONA,Barangay 1,Negros Occidental,Lane markings barely visible needs repainting.,Troy Burton,vincent56@fkcsolutions.net.ph,
210,06/09/2023,Drainage Blockage,Bacolod North Road,BACOLOD CITY,Barangay 7,Negros Occidental,Flooding due to clogged drainage.,Adrienne Smith,lortiz@hodgessun.ph,
211,04/06/2022,Faded Markings,Rizal Street,CITY OF TALISAY,Barangay 4,Negros Occidental,Lane markings barely visible needs repainting.,Allison Schroeder,jessica03@easterndragon.com.ph,
212,22/07/2020,Drainage Blockage,Cadiz City Road,CADIZ CITY,Barangay 4,Negros Occidental,Flooding due to clogged drainage.,Jeremiah Taylor,eugene71@ypoh.net.ph,
213,19/04/2021,Faded Markings,Sagay–Escalante Road,SAGAY CITY,Barangay 7,Negros Occidental,Lane markings barely visible needs repainting.,Brian Jenkins,karenrich@gmkcompany.net.ph,
214,18/03/2020,Drainage Blockage,Sagay Bridge,SAGAY CITY,Barangay 1,Negros Occidental,Flooding due to clogged drainage.,Rebecca Dunn,marcusspencer@twmfoods.net.ph,
215,18/05/2024,Pothole,Victorias–Sagay Road,MANAPLA,Barangay 6,Negros Occidental,Large pothole causing traffic delays.,Sara Wagner,dmurray@yahoo.com,
216,28/12/2020,Pothole,Victorias–Sagay Road,MANAPLA,Barangay 5,Negros Occidental,Large pothole causing traffic delays.,Mitchell Robinson,saraacevedo@zyq.net,
217,05/05/2021,Faded Markings,Victorias–Sagay Road,MANAPLA,Barangay 2,Negros Occidental,Lane markings barely visible needs repainting.,Julie Baker,loriburton@yrd.net.ph,
218,07/04/2022,Drainage Blockage,Bacolod North Road,BACOLOD CITY,Barangay 5,Negros Occidental,Flooding due to clogged drainage.,Maria Keller,angela89@akcresorts.net,
219,29/11/2020,Pothole,Victorias–Sagay Road,CITY OF VICTORIAS,Barangay 3,Negros Occidental,Large pothole causing traffic delays.,Shawn Knight,ibailey@yahoo.com,
220,21/01/2023,Drainage Blockage,Victorias–Sagay Road,ENRIQUE B. MAGALONA,Barangay 5,Negros Occidental,Flooding due to clogged drainage.,Jennifer Austin,mindy68@wssproperties.net,
221,02/01/2020,Faded Markings,Cadiz City Road,CADIZ CITY,Barangay 6,Negros Occidental,Lane markings barely visible needs repainting.,Gloria Adams,wisejohn@cmsenterprise.org,
222,18/12/2024,Drainage Blockage,Silay Airport Access Road,SILAY CITY,,Negros Occidental,Flooding due to clogged drainage.,Mariah Lopez,darrylparker@eny.org.ph,
223,01/01/2021,Pothole,Lacson Street,BACOLOD CITY,Barangay 6,Negros Occidental,Large pothole causing traffic delays.,Andrew Tucker,pattersonjasmine@kosw.com,
224,24/06/2020,Drainage Blockage,Sagay Bridge,SAGAY CITY,Barangay 8,Negros Occidental,Flooding due to clogged drainage.,Darren Sampson,jeffrey41@hcsresources.org,
225,04/04/2023,Drainage Blockage,Sagay Bridge,SAGAY CITY,Barangay 7,Negros Occidental,Flooding due to clogged drainage.,Destiny Cole MD,utaylor@sglresources.com.ph,
226,11/05/2020,Drainage Blockage,Bacolod North Road,BACOLOD CITY,Barangay 6,Negros Occidental,Flooding due to clogged drainage.,Sally Smith,hojohn@zohomail.com,
227,10/03/2021,Drainage Blockage,Caduhaan Bridge,CADIZ CITY,Barangay 2,Negros Occidental,Flooding due to clogged drainage.,Penny Williams,janet84@primecity.net.ph,
228,23/07/2022,Faded Markings,Cadiz City Road,CADIZ CITY,Barangay 7,Negros Occidental,Lane markings barely visible needs repainting.,James Castillo,williamle@eij.net,
229,26/05/2020,Drainage Blockage,National Road,MANAPLA,Barangay 2,Negros Occidental,Flooding due to clogged drainage.,Leah Smith,wardscott@khangold.org.ph,
230,10/02/2024,Drainage Blockage,Sagay Bridge,SAGAY CITY,Barangay 8,Negros Occidental,Flooding due to clogged drainage.,Brian Patterson,luisrios@xikz.net,
231,22/10/2021,Drainage Blockage,Sagay Bridge,SAGAY CITY,Barangay 3,Negros Occidental,Flooding due to clogged drainage.,Ms. Taylor Ward MD,rmaxwell@gmail.com,
232,27/01/2020,Pothole,Victorias–Sagay Road,ENRIQUE B. MAGALONA,Barangay 3,Negros Occidental,Large pothole causing traffic delays.,Fred Mccullough,grodriguez@gmail.com,
233,04/04/2023,Drainage Blockage,Rizal Street,CITY OF TALISAY,Barangay 3,Negros Occidental,Flooding due to clogged drainage.,Shannon Sellers,marshallelizabeth@smsconstruction.org.ph,
234,04/05/2020,Drainage Blockage,Rizal Street,SILAY CITY,Barangay 7,Negros Occidental,Flooding due to clogged drainage.,Holly Gardner,pachecojackson@quadunion.org.ph,
235,06/08/2021,Drainage Blockage,Lacson Street,BACOLOD CITY,Barangay 7,Negros Occidental,Flooding due to clogged drainage.,John Smith,xkim@vrresorts.org.ph,
236,08/12/2022,Drainage Blockage,Rizal Street,CITY OF TALISAY,,Negros Occidental,Flooding due to clogged drainage.,Edgar Nelson,eric70@ewcompany.ph,
237,16/07/2020,Drainage Blockage,Bacolod North Road,BACOLOD CITY,Barangay 4,Negros Occidental,Flooding due to clogged drainage.,Andre Cook,hannahsharp@gmail.com,
238,05/10/2024,Pothole,Victorias–Sagay Road,MANAPLA,,Negros Occidental,Large pothole causing traffic delays.,Ellen Stanton,hernandezjason@miholdings.org.ph,
239,12/03/2021,Faded Markings,Rizal Street,CITY OF TALISAY,Barangay 1,Negros Occidental,Lane markings barely visible needs repainting.,Angel Harmon,russellknight@cyberking.ph,
240,13/12/2020,Pothole,Osmeña Avenue,CITY OF VICTORIAS,,Negros Occidental,Large pothole causing traffic delays.,John Mitchell,karlathompson@nxe.ph,
241,21/10/2023,Drainage Blockage,Lacson Street,BACOLOD CITY,,Negros Occidental,Flooding due to clogged drainage.,Cristina Myers,reynoldsjulia@zohomail.com,
242,24/04/2020,Faded Markings,Lacson Street,BACOLOD CITY,Barangay 4,Negros Occidental,Lane markings barely visible needs repainting.,Debbie Perez,regina28@heconstruction.org.ph,
243,16/05/2021,Drainage Blockage,Rizal Street,SILAY CITY,,Negros Occidental,Flooding due to clogged drainage.,James Mayo,kimberlyhamilton@gmail.com,
244,23/07/2022,Drainage Blockage,Sagay–Escalante Road,SAGAY CITY,Barangay 1,Negros Occidental,Flooding due to clogged drainage.,Robert Chung,mcgrathelizabeth@bmuventures.org.ph,
245,19/01/2020,Drainage Blockage,Sagay Bridge,SAGAY CITY,Barangay 6,Negros Occidental,Flooding due to clogged drainage.,Patricia Johnston,debra76@xxnt.org.ph,
246,03/04/2024,Pothole,Lacson Street,BACOLOD CITY,Barangay 7,Negros Occidental,Large pothole causing traffic delays.,Robert Wiggins,nguyengregory@qkwcapital.net,
247,20/05/2021,Pothole,Victorias–Sagay Road,CITY OF VICTORIAS,,Negros Occidental,Large pothole causing traffic delays.,David Hodge,davischristine@yahoo.com,
248,01/06/2020,Drainage Blockage,Rizal Street,CITY OF TALISAY,Barangay 5,Negros Occidental,Flooding due to clogged drainage.,Cheryl Lopez,marcwagner@sksproperties.org,
249,02/06/2023,Faded Markings,Victorias–Sagay Road,ENRIQUE B. MAGALONA,Barangay 8,Negros Occidental,Lane markings barely visible needs repainting.,Justin Carter,carneymarc@yahoo.com,
250,05/01/2020,Pothole,Rizal Street,SILAY CITY,Barangay 7,Negros Occidental,Large pothole causing traffic delays.,Christina Figueroa,pallison@harrisgenesis.net.ph,
251,22/03/2021,Drainage Blockage,Silay Airport Access Road,SILAY CITY,Barangay 4,Negros Occidental,Flooding due to clogged drainage.,Molly Wade,ksilva@meutechnologies.ph,
252,27/02/2022,Drainage Blockage,Rizal Street,SILAY CITY,Barangay 4,Negros Occidental,Flooding due to clogged drainage.,Todd Weaver,xfuller@ggdtrust.net,
253,29/01/2020,Faded Markings,Victorias–Sagay Road,ENRIQUE B. MAGALONA,Barangay 8,Negros Occidental,Lane markings barely visible needs repainting.,Stephen Steele,diazcurtis@gmail.com,
254,01/06/2024,Pothole,Lacson Street,BACOLOD CITY,Barangay 5,Negros Occidental,Large pothole causing traffic delays.,Jessica Jones,hardyjames@brownworld.ph,
255,23/03/2021,Drainage Blockage,Rizal Street,SILAY CITY,,Negros Occidental,Flooding due to clogged drainage.,Christopher Jones,rstone@grt.net,
256,28/02/2020,Pothole,Victorias–Sagay Road,ENRIQUE B. MAGALONA,,Negros Occidental,Large pothole causing traffic delays.,Jennifer Taylor,garciadarren@wsdshipping.net.ph,
257,06/04/2023,Pothole,Rizal Street,SILAY CITY,Barangay 4,Negros Occidental,Large pothole causing traffic delays.,Gina Jones,mariahdiaz@primemillennium.org.ph,
258,15/06/2020,Pothole,Cadiz City Road,CADIZ CITY,Barangay 4,Negros Occidental,Large pothole causing traffic delays.,Alan French,randall19@ceenterprise.com.ph,
259,25/06/2021,Drainage Blockage,Rizal Street,SILAY CITY,,Negros Occidental,Flooding due to clogged drainage.,Brandon Cardenas,thompsoncaitlin@ozholdings.ph,
260,11/08/2022,Faded Markings,Sagay Bridge,SAGAY CITY,,Negros Occidental,Lane markings barely visible needs repainting.,Thomas Gibson,margaretmartinez@gmail.com,
261,02/09/2020,Drainage Blockage,Lacson Street,BACOLOD CITY,Barangay 7,Negros Occidental,Flooding due to clogged drainage.,Sabrina Torres,donaldtaylor@ukf.org.ph,
262,13/12/2024,Pothole,Rizal Street,SILAY CITY,,Negros Occidental,Large pothole causing traffic delays.,Jack Woods,veronica94@mdlbanking.net,
263,05/04/2021,Drainage Blockage,Bacolod North Road,CITY OF TALISAY,Barangay 3,Negros Occidental,Flooding due to clogged drainage.,Dr. Amy Carr,harmonkatherine@gmail.com,
264,15/12/2020,Drainage Blockage,National Road,MANAPLA,,Negros Occidental,Flooding due to clogged drainage.,Eric Cox,yvettehoover@hdlsolutions.org,
265,06/04/2023,Drainage Blockage,Bacolod North Road,CITY OF TALISAY,Barangay 1,Negros Occidental,Flooding due to clogged drainage.,Dr. Daniel Cooper,martinkarla@kglfoods.net,
266,18/10/2020,Faded Markings,Osmeña Avenue,CITY OF VICTORIAS,Barangay 2,Negros Occidental,Lane markings barely visible needs repainting.,Gerald Ellis,jaredmontes@gmail.com,
267,15/01/2021,Faded Markings,Silay Airport Access Road,SILAY CITY,Barangay 1,Negros Occidental,Lane markings barely visible needs repainting.,Kristen Holmes,jeffrey64@ruy.com.ph,
268,04/02/2020,Pothole,Cadiz City Road,CADIZ CITY,Barangay 8,Negros Occidental,Large pothole causing traffic delays.,Melissa Hodge,michael13@zohomail.com,
269,16/08/2022,Faded Markings,Bacolod North Road,BACOLOD CITY,Barangay 7,Negros Occidental,Lane markings barely visible needs repainting.,Michele Martinez,mark92@hcdo.org.ph,
270,02/04/2021,Pothole,Osmeña Avenue,CITY OF VICTORIAS,Barangay 6,Negros Occidental,Large pothole causing traffic delays.,Stanley Smith,rodriguezmitchell@kdresorts.org.ph,
271,26/12/2020,Drainage Blockage,Bacolod North Road,BACOLOD CITY,Barangay 2,Negros Occidental,Flooding due to clogged drainage.,Nathan Collins,mooretimothy@advancedempire.net,
272,03/12/2024,Drainage Blockage,Cadiz City Road,CADIZ CITY,Barangay 5,Negros Occidental,Flooding due to clogged drainage.,Karen George,dianapark@gmebanking.org.ph,
273,05/08/2021,Drainage Blockage,Osmeña Avenue,CITY OF VICTORIAS,Barangay 5,Negros Occidental,Flooding due to clogged drainage.,Justin Barnett,johngilbert@marshallsun.org,
274,04/06/2020,Drainage Blockage,Victorias–Sagay Road,ENRIQUE B. MAGALONA,Barangay 4,Negros Occidental,Flooding due to clogged drainage.,Mr. John Thornton,gevans@oexi.ph,
275,29/08/2023,Pothole,Victorias–Sagay Road,CITY OF VICTORIAS,Barangay 1,Negros Occidental,Large pothole causing traffic delays.,Leah Jackson,williamsmelissa@qgsshipping.org.ph,
276,21/10/2020,Drainage Blockage,National Road,MANAPLA,Barangay 6,Negros Occidental,Flooding due to clogged drainage.,Andrew Bailey,adamdecker@risingsummit.net.ph,
277,03/07/2021,Faded Markings,Bacolod North Road,BACOLOD CITY,,Negros Occidental,Lane markings barely visible needs repainting.,George Sloan,holly57@wallaceliberty.org.ph,
278,01/03/2020,Faded Markings,Circumferential Road,BACOLOD CITY,Barangay 8,Negros Occidental,Lane markings barely visible needs repainting.,Aaron Ryan,matthewbaxter@metrodragon.com,
279,25/01/2022,Drainage Blockage,National Road,MANAPLA,Barangay 1,Negros Occidental,Flooding due to clogged drainage.,William Porter,josepherickson@susenterprise.com.ph,
280,16/06/2020,Drainage Blockage,Silay Airport Access Road,SILAY CITY,Barangay 1,Negros Occidental,Flooding due to clogged drainage.,Valerie Hale,kenneth99@yahoo.com,
281,08/10/2023,Drainage Blockage,Victorias–Sagay Road,MANAPLA,,Negros Occidental,Flooding due to clogged drainage.,Katherine Rhodes,jonathan76@grandcentury.net.ph,
282,22/10/2020,Drainage Blockage,Bacolod North Road,BACOLOD CITY,Barangay 8,Negros Occidental,Flooding due to clogged drainage.,Clinton Hamilton,smithharold@zohomail.com,
283,25/06/2021,Faded Markings,Victorias–Sagay Road,ENRIQUE B. MAGALONA,Barangay 3,Negros Occidental,Lane markings barely visible needs repainting.,Jamie Powers,henry01@zohomail.com,
284,18/06/2022,Drainage Blockage,Bacolod North Road,CITY OF TALISAY,Barangay 8,Negros Occidental,Flooding due to clogged drainage.,Susan Long,bonniebailey@zohomail.com,
285,21/10/2020,Drainage Blockage,Lacson Street,BACOLOD CITY,Barangay 3,Negros Occidental,Flooding due to clogged drainage.,Dr. Eric Burton,tinasantos@sknt.org,
286,12/03/2024,Faded Markings,Victorias–Sagay Road,ENRIQUE B. MAGALONA,Barangay 3,Negros Occidental,Lane markings barely visible needs repainting.,Tonya Bennett,whitealexis@ddeequities.com.ph,
287,01/08/2021,Pothole,Victorias–Sagay Road,ENRIQUE B. MAGALONA,Barangay 2,Negros Occidental,Large pothole causing traffic delays.,Steven Pena,cheryl58@kpbank.com,
288,15/03/2020,Faded Markings,Cadiz City Road,CADIZ CITY,Barangay 7,Negros Occidental,Lane markings barely visible needs repainting.,Elizabeth Cooper DDS,johncervantes@ceyi.ph,
289,12/10/2022,Drainage Blockage,Sagay–Escalante Road,SAGAY CITY,Barangay 1,Negros Occidental,Flooding due to clogged drainage.,Donna Kelly,becky85@cgcgroup.net.ph,
290,09/07/2020,Drainage Blockage,Victorias–Sagay Road,ENRIQUE B. MAGALONA,Barangay 8,Negros Occidental,Flooding due to clogged drainage.,Debbie Duffy,wolfkevin@mcwdevelopment.org.ph,
291,14/07/2023,Faded Markings,Victorias–Sagay Road,ENRIQUE B. MAGALONA,Barangay 2,Negros Occidental,Lane markings barely visible needs repainting.,Erin Hendrix,holly89@zohomail.com,
292,27/07/2020,Faded Markings,Osmeña Avenue,CITY OF VICTORIAS,Barangay 7,Negros Occidental,Lane markings barely visible needs repainting.,Angela Robinson,collinsjesse@bsmholdings.net,
293,08/04/2021,Drainage Blockage,Victorias–Sagay Road,CITY OF VICTORIAS,Barangay 8,Negros Occidental,Flooding due to clogged drainage.,Caroline Meyer,pgomez@zohomail.com,
294,06/06/2022,Drainage Blockage,National Road,MANAPLA,Barangay 8,Negros Occidental,Flooding due to clogged drainage.,Michael Hall,lisaherrera@globaldragon.ph,
295,22/12/2020,Drainage Blockage,Silay Airport Access Road,SILAY CITY,Barangay 3,Negros Occidental,Flooding due to clogged drainage.,Jason Anthony,ncombs@hseenterprise.org,
296,12/04/2024,Drainage Blockage,National Road,MANAPLA,Barangay 7,Negros Occidental,Flooding due to clogged drainage.,Stephanie Thompson,monica31@grandking.net.ph,
297,24/04/2021,Faded Markings,Sagay Bridge,SAGAY CITY,,Negros Occidental,Lane markings barely visible needs repainting.,Tanner Taylor,jenniferroberts@gssmanufacturing.net.ph,
298,28/03/2020,Drainage Blockage,National Road,MANAPLA,Barangay 6,Negros Occidental,Flooding due to clogged drainage.,Zachary Christian,barryclark@zohomail.com,
299,14/07/2023,Drainage Blockage,Bacolod North Road,BACOLOD CITY,Barangay 2,Negros Occidental,Flooding due to clogged drainage.,Michael Barker,quinnbrenda@yahoo.com,
300,04/11/2020,Pothole,Bacolod North Road,CITY OF TALISAY,Barangay 6,Negros Occidental,Large pothole causing traffic delays.,Michael Garcia,emily12@farworld.ph,
301,30/06/2021,Faded Markings,Victorias–Sagay Road,MANAPLA,Barangay 5,Negros Occidental,Lane markings barely visible needs repainting.,Martin Rodriguez,gutierrezkevin@johnsonmillennium.net.ph,
302,08/02/2020,Faded Markings,Osmeña Avenue,CITY OF VICTORIAS,Barangay 3,Negros Occidental,Lane markings barely visible needs repainting.,Dennis Riddle,fcarpenter@gsgmining.org,
303,13/04/2022,Drainage Blockage,Rizal Street,SILAY CITY,Barangay 6,Negros Occidental,Flooding due to clogged drainage.,Maria Golden,hgreen@farunion.org.ph,
304,29/06/2020,Pothole,Caduhaan Bridge,CADIZ CITY,Barangay 3,Negros Occidental,Large pothole causing traffic delays.,Tiffany Fletcher,tdaniels@longsummit.ph,
305,19/03/2024,Faded Markings,Sagay–Escalante Road,SAGAY CITY,Barangay 3,Negros Occidental,Lane markings barely visible needs repainting.,Amanda Chang,wgarcia@gvtp.com,
306,25/02/2021,Faded Markings,Victorias–Sagay Road,ENRIQUE B. MAGALONA,,Negros Occidental,Lane markings barely visible needs repainting.,Madison Gibson,vegakathleen@nuk.ph,
307,17/05/2020,Faded Markings,Victorias–Sagay Road,MANAPLA,Barangay 2,Negros Occidental,Lane markings barely visible needs repainting.,George Bryant,cynthiaestrada@tttechnologies.ph,
308,10/01/2023,Drainage Blockage,Lacson Street,BACOLOD CITY,Barangay 8,Negros Occidental,Flooding due to clogged drainage.,Malik Harris,sierra04@dgx.ph,
309,04/09/2020,Drainage Blockage,Circumferential Road,BACOLOD CITY,Barangay 1,Negros Occidental,Flooding due to clogged drainage.,Daniel Schmidt,stephaniebrown@ojy.net.ph,
310,28/12/2021,Faded Markings,Silay Airport Access Road,SILAY CITY,Barangay 8,Negros Occidental,Lane markings barely visible needs repainting.,Ian Anderson,phillipsbradley@tdgroup.net.ph,
311,16/07/2022,Drainage Blockage,Rizal Street,CITY OF TALISAY,Barangay 1,Negros Occidental,Flooding due to clogged drainage.,Samantha Cain,hochelsea@glresources.net.ph,
312,19/09/2020,Drainage Blockage,Sagay–Escalante Road,SAGAY CITY,,Negros Occidental,Flooding due to clogged drainage.,Traci Coleman,dustinbryant@campbellsummit.org.ph,
313,11/01/2024,Drainage Blockage,Victorias–Sagay Road,ENRIQUE B. MAGALONA,,Negros Occidental,Flooding due to clogged drainage.,Ethan Marcus,marcus@gmail.com.ph,
